{
  "Show Single Workout Video" : {
    "transaction" : "Show Single Workout Video",
    "sampleCount" : 250,
    "errorCount" : 1,
    "errorPct" : 0.4,
    "meanResTime" : 20546.10400000003,
    "medianResTime" : 19423.5,
    "minResTime" : 931.0,
    "maxResTime" : 45345.0,
    "pct1ResTime" : 35015.8,
    "pct2ResTime" : 40921.25,
    "pct3ResTime" : 45247.270000000004,
    "throughput" : 2.6551680190322444,
    "receivedKBytesPerSec" : 2.732489415836484,
    "sentKBytesPerSec" : 0.4848793159756149
  },
  "Show Workout Videos" : {
    "transaction" : "Show Workout Videos",
    "sampleCount" : 250,
    "errorCount" : 3,
    "errorPct" : 1.2,
    "meanResTime" : 29679.760000000002,
    "medianResTime" : 32238.0,
    "minResTime" : 2624.0,
    "maxResTime" : 67547.0,
    "pct1ResTime" : 38327.7,
    "pct2ResTime" : 66132.75,
    "pct3ResTime" : 67335.94,
    "throughput" : 2.7755881471283765,
    "receivedKBytesPerSec" : 34.621786649559795,
    "sentKBytesPerSec" : 0.5285543834863607
  },
  "Show Pilotprogram Plans" : {
    "transaction" : "Show Pilotprogram Plans",
    "sampleCount" : 250,
    "errorCount" : 0,
    "errorPct" : 0.0,
    "meanResTime" : 5680.251999999997,
    "medianResTime" : 5248.0,
    "minResTime" : 1076.0,
    "maxResTime" : 24607.0,
    "pct1ResTime" : 7939.6,
    "pct2ResTime" : 9133.55,
    "pct3ResTime" : 20936.80000000001,
    "throughput" : 4.663135119003208,
    "receivedKBytesPerSec" : 13.128729050865477,
    "sentKBytesPerSec" : 0.837907091695889
  },
  "Show Meal Plans" : {
    "transaction" : "Show Meal Plans",
    "sampleCount" : 250,
    "errorCount" : 0,
    "errorPct" : 0.0,
    "meanResTime" : 16839.632000000016,
    "medianResTime" : 8791.5,
    "minResTime" : 1003.0,
    "maxResTime" : 60914.0,
    "pct1ResTime" : 34863.4,
    "pct2ResTime" : 45865.24999999997,
    "pct3ResTime" : 60230.89,
    "throughput" : 2.6958537768911417,
    "receivedKBytesPerSec" : 7.010799421739365,
    "sentKBytesPerSec" : 0.4659825376071602
  },
  "Total" : {
    "transaction" : "Total",
    "sampleCount" : 1500,
    "errorCount" : 11,
    "errorPct" : 0.73333335,
    "meanResTime" : 15114.241333333375,
    "medianResTime" : 9852.5,
    "minResTime" : 552.0,
    "maxResTime" : 67547.0,
    "pct1ResTime" : 34397.700000000004,
    "pct2ResTime" : 37995.7,
    "pct3ResTime" : 60907.48,
    "throughput" : 13.911301541372211,
    "receivedKBytesPerSec" : 86.2049574517046,
    "sentKBytesPerSec" : 2.6264827128892847
  },
  "Login" : {
    "transaction" : "Login",
    "sampleCount" : 250,
    "errorCount" : 7,
    "errorPct" : 2.8,
    "meanResTime" : 8930.827999999994,
    "medianResTime" : 10143.0,
    "minResTime" : 552.0,
    "maxResTime" : 30546.0,
    "pct1ResTime" : 12766.0,
    "pct2ResTime" : 13548.949999999997,
    "pct3ResTime" : 23274.89000000013,
    "throughput" : 7.154304029304029,
    "receivedKBytesPerSec" : 5.219092735877403,
    "sentKBytesPerSec" : 1.6628167568108974
  },
  "Show Workout Plans" : {
    "transaction" : "Show Workout Plans",
    "sampleCount" : 250,
    "errorCount" : 0,
    "errorPct" : 0.0,
    "meanResTime" : 9008.872000000001,
    "medianResTime" : 6760.5,
    "minResTime" : 1245.0,
    "maxResTime" : 52344.0,
    "pct1ResTime" : 23224.5,
    "pct2ResTime" : 28378.399999999994,
    "pct3ResTime" : 49873.43000000001,
    "throughput" : 3.0861911463348397,
    "receivedKBytesPerSec" : 54.107802392724,
    "sentKBytesPerSec" : 0.5394806789003284
  }
}