{
  "Show Single Workout Video" : {
    "transaction" : "Show Single Workout Video",
    "sampleCount" : 100,
    "errorCount" : 0,
    "errorPct" : 0.0,
    "meanResTime" : 6200.92,
    "medianResTime" : 5921.5,
    "minResTime" : 3765.0,
    "maxResTime" : 9651.0,
    "pct1ResTime" : 8386.100000000002,
    "pct2ResTime" : 8627.8,
    "pct3ResTime" : 9644.159999999996,
    "throughput" : 3.341575887188398,
    "receivedKBytesPerSec" : 3.4492633913653683,
    "sentKBytesPerSec" : 0.6102291903361625
  },
  "Show Workout Videos" : {
    "transaction" : "Show Workout Videos",
    "sampleCount" : 100,
    "errorCount" : 0,
    "errorPct" : 0.0,
    "meanResTime" : 8481.809999999998,
    "medianResTime" : 8622.0,
    "minResTime" : 3072.0,
    "maxResTime" : 13850.0,
    "pct1ResTime" : 11658.800000000001,
    "pct2ResTime" : 13281.799999999996,
    "pct3ResTime" : 13848.89,
    "throughput" : 3.4243057220148616,
    "receivedKBytesPerSec" : 43.22182759476766,
    "sentKBytesPerSec" : 0.652089468547752
  },
  "Show Pilotprogram Plans" : {
    "transaction" : "Show Pilotprogram Plans",
    "sampleCount" : 100,
    "errorCount" : 0,
    "errorPct" : 0.0,
    "meanResTime" : 4047.669999999998,
    "medianResTime" : 4321.5,
    "minResTime" : 804.0,
    "maxResTime" : 7273.0,
    "pct1ResTime" : 5416.2,
    "pct2ResTime" : 5832.249999999998,
    "pct3ResTime" : 7268.709999999998,
    "throughput" : 4.7355211441019085,
    "receivedKBytesPerSec" : 13.332526814888478,
    "sentKBytesPerSec" : 0.8509139555808116
  },
  "Show Meal Plans" : {
    "transaction" : "Show Meal Plans",
    "sampleCount" : 100,
    "errorCount" : 0,
    "errorPct" : 0.0,
    "meanResTime" : 6115.660000000001,
    "medianResTime" : 5431.5,
    "minResTime" : 3399.0,
    "maxResTime" : 12584.0,
    "pct1ResTime" : 10029.2,
    "pct2ResTime" : 10868.549999999997,
    "pct3ResTime" : 12583.43,
    "throughput" : 3.1580609505763464,
    "receivedKBytesPerSec" : 8.212808897836728,
    "sentKBytesPerSec" : 0.5458757697773567
  },
  "Total" : {
    "transaction" : "Total",
    "sampleCount" : 600,
    "errorCount" : 2,
    "errorPct" : 0.33333334,
    "meanResTime" : 5762.893333333337,
    "medianResTime" : 5246.0,
    "minResTime" : 804.0,
    "maxResTime" : 13850.0,
    "pct1ResTime" : 9439.599999999999,
    "pct2ResTime" : 10612.599999999999,
    "pct3ResTime" : 12913.670000000004,
    "throughput" : 13.418916198868338,
    "receivedKBytesPerSec" : 83.50134643448214,
    "sentKBytesPerSec" : 2.5335193344217566
  },
  "Login" : {
    "transaction" : "Login",
    "sampleCount" : 100,
    "errorCount" : 2,
    "errorPct" : 2.0,
    "meanResTime" : 4470.879999999999,
    "medianResTime" : 3863.5,
    "minResTime" : 998.0,
    "maxResTime" : 10959.0,
    "pct1ResTime" : 7936.200000000001,
    "pct2ResTime" : 8892.749999999996,
    "pct3ResTime" : 10955.419999999998,
    "throughput" : 4.913522012578616,
    "receivedKBytesPerSec" : 3.6036653338738205,
    "sentKBytesPerSec" : 1.1420099990172956
  },
  "Show Workout Plans" : {
    "transaction" : "Show Workout Plans",
    "sampleCount" : 100,
    "errorCount" : 0,
    "errorPct" : 0.0,
    "meanResTime" : 5260.420000000001,
    "medianResTime" : 4791.5,
    "minResTime" : 3113.0,
    "maxResTime" : 11390.0,
    "pct1ResTime" : 7337.700000000001,
    "pct2ResTime" : 8519.699999999995,
    "pct3ResTime" : 11370.09999999999,
    "throughput" : 3.369726378218089,
    "receivedKBytesPerSec" : 59.0788063165521,
    "sentKBytesPerSec" : 0.5890439665049199
  }
}