{
  "Show Single Workout Video" : {
    "transaction" : "Show Single Workout Video",
    "sampleCount" : 300,
    "errorCount" : 1,
    "errorPct" : 0.33333334,
    "meanResTime" : 14672.966666666676,
    "medianResTime" : 12852.5,
    "minResTime" : 2765.0,
    "maxResTime" : 29374.0,
    "pct1ResTime" : 25573.100000000002,
    "pct2ResTime" : 27600.1,
    "pct3ResTime" : 28318.27,
    "throughput" : 3.3312235584130048,
    "receivedKBytesPerSec" : 3.429956600403078,
    "sentKBytesPerSec" : 0.6083386771711249
  },
  "Show Workout Videos" : {
    "transaction" : "Show Workout Videos",
    "sampleCount" : 300,
    "errorCount" : 4,
    "errorPct" : 1.3333334,
    "meanResTime" : 40241.51999999998,
    "medianResTime" : 46617.5,
    "minResTime" : 2622.0,
    "maxResTime" : 63992.0,
    "pct1ResTime" : 50930.6,
    "pct2ResTime" : 51224.25,
    "pct3ResTime" : 63365.430000000015,
    "throughput" : 3.6131083571196303,
    "receivedKBytesPerSec" : 45.009168262456186,
    "sentKBytesPerSec" : 0.6880430953499295
  },
  "Show Pilotprogram Plans" : {
    "transaction" : "Show Pilotprogram Plans",
    "sampleCount" : 300,
    "errorCount" : 0,
    "errorPct" : 0.0,
    "meanResTime" : 12199.189999999991,
    "medianResTime" : 12311.5,
    "minResTime" : 768.0,
    "maxResTime" : 19573.0,
    "pct1ResTime" : 17800.9,
    "pct2ResTime" : 18187.75,
    "pct3ResTime" : 19192.780000000002,
    "throughput" : 5.5716514374860715,
    "receivedKBytesPerSec" : 15.686592865500334,
    "sentKBytesPerSec" : 1.0011561176732784
  },
  "Show Meal Plans" : {
    "transaction" : "Show Meal Plans",
    "sampleCount" : 300,
    "errorCount" : 0,
    "errorPct" : 0.0,
    "meanResTime" : 16843.913333333338,
    "medianResTime" : 13658.5,
    "minResTime" : 11124.0,
    "maxResTime" : 43955.0,
    "pct1ResTime" : 26384.800000000007,
    "pct2ResTime" : 40904.649999999994,
    "pct3ResTime" : 42004.240000000005,
    "throughput" : 2.871198055241851,
    "receivedKBytesPerSec" : 7.466797286239305,
    "sentKBytesPerSec" : 0.49629107009551515
  },
  "Total" : {
    "transaction" : "Total",
    "sampleCount" : 1800,
    "errorCount" : 24,
    "errorPct" : 1.3333334,
    "meanResTime" : 18444.29722222223,
    "medianResTime" : 14588.5,
    "minResTime" : 542.0,
    "maxResTime" : 63992.0,
    "pct1ResTime" : 42878.8,
    "pct2ResTime" : 49012.899999999994,
    "pct3ResTime" : 51184.76,
    "throughput" : 14.617983367983369,
    "receivedKBytesPerSec" : 90.50336746564774,
    "sentKBytesPerSec" : 2.7599057140072767
  },
  "Login" : {
    "transaction" : "Login",
    "sampleCount" : 300,
    "errorCount" : 19,
    "errorPct" : 6.3333335,
    "meanResTime" : 9604.983333333335,
    "medianResTime" : 10938.5,
    "minResTime" : 542.0,
    "maxResTime" : 29909.0,
    "pct1ResTime" : 13994.800000000001,
    "pct2ResTime" : 15303.5,
    "pct3ResTime" : 18881.51000000001,
    "throughput" : 8.999550022498875,
    "receivedKBytesPerSec" : 6.410743915929204,
    "sentKBytesPerSec" : 2.0916922903854807
  },
  "Show Workout Plans" : {
    "transaction" : "Show Workout Plans",
    "sampleCount" : 300,
    "errorCount" : 0,
    "errorPct" : 0.0,
    "meanResTime" : 17103.210000000014,
    "medianResTime" : 17390.5,
    "minResTime" : 8414.0,
    "maxResTime" : 39847.0,
    "pct1ResTime" : 19612.6,
    "pct2ResTime" : 20598.399999999998,
    "pct3ResTime" : 33962.93,
    "throughput" : 3.2378526561184624,
    "receivedKBytesPerSec" : 56.766766343061285,
    "sentKBytesPerSec" : 0.5659918217238328
  }
}