{
  "Show Single Workout Video" : {
    "transaction" : "Show Single Workout Video",
    "sampleCount" : 200,
    "errorCount" : 1,
    "errorPct" : 0.5,
    "meanResTime" : 9706.605000000003,
    "medianResTime" : 10708.0,
    "minResTime" : 2709.0,
    "maxResTime" : 18448.0,
    "pct1ResTime" : 13828.6,
    "pct2ResTime" : 14393.549999999996,
    "pct3ResTime" : 15513.91,
    "throughput" : 3.4707158351409975,
    "receivedKBytesPerSec" : 3.569092326464208,
    "sentKBytesPerSec" : 0.6338123644251626
  },
  "Show Workout Videos" : {
    "transaction" : "Show Workout Videos",
    "sampleCount" : 200,
    "errorCount" : 1,
    "errorPct" : 0.5,
    "meanResTime" : 15136.649999999996,
    "medianResTime" : 16698.0,
    "minResTime" : 2607.0,
    "maxResTime" : 40329.0,
    "pct1ResTime" : 21342.5,
    "pct2ResTime" : 23838.849999999988,
    "pct3ResTime" : 39908.24000000013,
    "throughput" : 4.193223750419323,
    "receivedKBytesPerSec" : 52.66789356680854,
    "sentKBytesPerSec" : 0.7985142884099296
  },
  "Show Pilotprogram Plans" : {
    "transaction" : "Show Pilotprogram Plans",
    "sampleCount" : 200,
    "errorCount" : 1,
    "errorPct" : 0.5,
    "meanResTime" : 9226.38,
    "medianResTime" : 7648.0,
    "minResTime" : 750.0,
    "maxResTime" : 42282.0,
    "pct1ResTime" : 17826.4,
    "pct2ResTime" : 24079.499999999975,
    "pct3ResTime" : 30941.920000000006,
    "throughput" : 2.0513241297257383,
    "receivedKBytesPerSec" : 5.76751614456194,
    "sentKBytesPerSec" : 0.3667543180372931
  },
  "Show Meal Plans" : {
    "transaction" : "Show Meal Plans",
    "sampleCount" : 200,
    "errorCount" : 0,
    "errorPct" : 0.0,
    "meanResTime" : 12947.969999999996,
    "medianResTime" : 11697.5,
    "minResTime" : 3841.0,
    "maxResTime" : 39828.0,
    "pct1ResTime" : 19261.9,
    "pct2ResTime" : 24441.7,
    "pct3ResTime" : 38891.600000000006,
    "throughput" : 2.5464407124941117,
    "receivedKBytesPerSec" : 6.622237907589667,
    "sentKBytesPerSec" : 0.44015625596822044
  },
  "Total" : {
    "transaction" : "Total",
    "sampleCount" : 1200,
    "errorCount" : 5,
    "errorPct" : 0.41666666,
    "meanResTime" : 12254.729166666659,
    "medianResTime" : 11185.5,
    "minResTime" : 519.0,
    "maxResTime" : 65584.0,
    "pct1ResTime" : 21570.100000000002,
    "pct2ResTime" : 27756.20000000002,
    "pct3ResTime" : 42677.01,
    "throughput" : 9.351402320706343,
    "receivedKBytesPerSec" : 58.08987166417945,
    "sentKBytesPerSec" : 1.7641639651504406
  },
  "Login" : {
    "transaction" : "Login",
    "sampleCount" : 200,
    "errorCount" : 2,
    "errorPct" : 1.0,
    "meanResTime" : 6324.920000000002,
    "medianResTime" : 4663.5,
    "minResTime" : 519.0,
    "maxResTime" : 17124.0,
    "pct1ResTime" : 15370.6,
    "pct2ResTime" : 16155.9,
    "pct3ResTime" : 16735.07,
    "throughput" : 7.555723460521345,
    "receivedKBytesPerSec" : 5.57861789289762,
    "sentKBytesPerSec" : 1.7561154136758594
  },
  "Show Workout Plans" : {
    "transaction" : "Show Workout Plans",
    "sampleCount" : 200,
    "errorCount" : 0,
    "errorPct" : 0.0,
    "meanResTime" : 20185.85000000001,
    "medianResTime" : 16460.0,
    "minResTime" : 3999.0,
    "maxResTime" : 65584.0,
    "pct1ResTime" : 37750.0,
    "pct2ResTime" : 44800.49999999999,
    "pct3ResTime" : 54214.03000000005,
    "throughput" : 1.7156337122024448,
    "receivedKBytesPerSec" : 30.078878940596184,
    "sentKBytesPerSec" : 0.2999008149260133
  }
}